"AAAAA","Astrid Anabelle",35
"AAAAB","Amari Burley",58
"AAAAC","Arlo Craig",75
"AAAAD","Alejandrin Demario",76
"AAAAE","Adolph Eleanore",77
"AAAAF","Adolph Frederik",27
"AAAAG","Annamarie Geovanny",24
"AAAAH","Aiyana Heath",59
"AAAAI","Amanda Isobel",70
"AAAAJ","Archibald Jennifer",33
"AAAAK","Annamarie Kathryn",60
"AAAAL","Amelia Leonie",23
"AAAAM","Anabel Marlin",55
"AAAAN","Adolphus Nella",36
"AAAAO","Aletha Otho",14
"AAAAP","Alejandrin Pinkie",15
"AAAAQ","Abraham Quinten",62
"AAAAR","Aiyana Reese",57
"AAAAS","Amalia Sister",12
"AAAAT","Adolph Tamia",63
"AAAAU","Alize Unique",47
"AAAAV","Aurelio Vicky",31
"AAAAW","Alene Waylon",13
"AAAAX","Adrien Xavier",47
"AAAAY","Anabelle Yasmin",18
"AAAAZ","Amparo Zora",51
"AAABA","Brooklyn Annette",28
"AAABB","Boyd Brandyn",51
"AAABC","Breanne Clinton",41
"AAABD","Brown Dylan",12
"AAABE","Bobby Elenor",76
"AAABF","Bradley Frederik",12
"AAABG","Burley Gracie",13
"AAABH","Benton Hailie",46
"AAABI","Bradley Iliana",57
"AAABJ","Bryon Judd",45
"AAABK","Brown Katelyn",46
"AAABL","Baron Lori",54
"AAABM","Betsy Makayla",33
"AAABN","Bridie Nick",22
"AAABO","Betsy Ofelia",71
"AAABP","Bart Palma",45
"AAABQ","Bill Quinten",67
"AAABR","Brooke Ruby",65
"AAABS","Barney Shea",71
"AAABT","Bridgette Tamia",44
"AAABU","Baron Unique",15
"AAABV","Brock Vincenzo",61
"AAABW","Bridgette Wallace",58
"AAABX","Bradley Xavier",56
"VBBZC","Zola Chauncey",54
"VBBZD","Zola Dianna",64
"VBBZE","Zola Estevan",23
"VBBZF","Zion Florian",20
"VBBZG","Zora Gerson",14
"VBBZH","Zora Hailie",13
"VBBZI","Zora Isidro",47
"VBBZJ","Zion Jadyn",51
"VBBZK","Zion Kayleigh",74
"VBBZL","Zion Luciano",45
"VBBZM","Zora Maryse",30
"VBBZN","Zora Nicholas",72
"VBBZO","Zola Orin",23
"VBBZP","Zion Paxton",31
"VBBZQ","Zion Quincy",22
"VBBZR","Zola Raul",34
"VBBZS","Zion Shawna",62
"VBBZT","Zola Timothy",17
"VBBZU","Zion Uriah",44
"VBBZV","Zion Velma",49
"VBBZW","Zola Willie",10
"VBBZX","Zora Xzavier",34
"VBBZY","Zola Yasmeen",15
"VBBZZ","Zion Zola",31
"VBCAA","Albina Arvid",29
"VBCAB","Aiyana Beau",26
"VBCAC","Armand Cindy",56
"VBCAD","Ashtyn Dagmar",12
"VBCAE","Angelita Enos",52
"VBCAF","Anastacio Florencio",43
"VBCAG","Anthony Gussie",26
"VBCAH","Austyn Hazle",73
"VBCAI","Anika Isai",51
"VBCAJ","Alberto Jeanette",36
"VBCAK","Adam Kayli",53
"VBCAL","Arely Lavada",58
"VBCAM","Anibal Maybell",53
"VBCAN","Austyn Nella",34
"VBCAO","Alec Odie",31
"VBCAP","Autumn Paxton",52
"VBCAQ","Anika Quincy",60
"VBCAR","Aiyana Reyes",62
"VBCAS","Al Serena",31
"VBCAT","Arvid Theron",58
"VBCAU","Agustin Ursula",15
"VBCAV","Angelita Vergie",21
"VBCAW","Adriana Wilber",69
"VBCAX","Alexie Xzavier",19
"VBCAY","Arvid Yessenia",21
"IKVPG","Pablo Genevieve",35
"IKVPH","Pat Hellen",20
"IKVPI","Patricia Irving",28
"IKVPJ","Perry Jammie",74
"IKVPK","Precious Kameron",20
"IKVPL","Pink Lacey",65
"IKVPM","Patricia Marquise",14
"IKVPN","Paxton Nikolas",35
"IKVPO","Petra Orval",61
"IKVPP","Precious Petra",60
"IKVPQ","Pat Quinten",26
"IKVPR","Precious Robin",12
"IKVPS","Precious Shanny",76
"IKVPT","Prince Tristian",48
"IKVPU","Pink Unique",18
"IKVPV","Petra Vesta",74
"IKVPW","Pablo Winfield",71
"IKVPX","Paula Xander",44
"IKVPY","Precious Yazmin",20
"IKVPZ","Precious Zetta",57
"IKVQA","Quinten Amber",20
"IKVQB","Quinn Breana",21
"IKVQC","Quinten Carmel",36
"IKVQD","Quinn Delphia",45
"IKVQE","Quinten Ernestine",56
"IKVQF","Quinten Felix",61
"IKVQG","Quinten Gregorio",55
"IKVQH","Quinten Hunter",73
"IKVQI","Quinten Isadore",78
"IKVQJ","Quinten Josephine",46
"IKVQK","Quinten Kallie",42
"IKVQL","Quinn Lauriane",35
"IKVQM","Quinn Marquise",40
"IKVQN","Quinten Natalie",24
"IKVQO","Quinn Oswaldo",37
"IKVQP","Quinn Patricia",35
"IKVQQ","Quinn Quinten",18
"IKVQR","Quinten Roderick",71
"IKVQS","Quinn Savannah",77
"IKVQT","Quinn Trey",20
"IKVQU","Quinn Unique",23
"IKVQV","Quinten Vincent",27
"IKVQW","Quinten Woodrow",52
"IKVQX","Quinn Xander",36
"IKVQY","Quinten Yazmin",64
"IKVQZ","Quinten Zion",57
"IKVRA","Rosemarie Adonis",73
"IKVRB","Roel Brando",50
"IKVRC","Rex Corine",33
"IKVRD","Raleigh Demetris",57
"EFKUQ","Ursula Queenie",64
"EFKUR","Urban Rubie",22
"EFKUS","Urban Shaina",61
"EFKUT","Ursula Timmy",51
"EFKUU","Ursula Ursula",45
"EFKUV","Ursula Verla",17
"EFKUW","Ursula Winona",70
"EFKUX","Ursula Xander",31
"EFKUY","Urban Yvette",31
"EFKUZ","Urban Zella",22
"EFKVA","Verla Alexandrea",32
"EFKVB","Verna Brionna",37
"EFKVC","Velva Celia",41
"EFKVD","Verna Desiree",56
"EFKVE","Verner Emery",15
"EFKVF","Velva Florence",72
"EFKVG","Verla Garfield",25
"EFKVH","Velva Harvey",58
"EFKVI","Verna Imogene",77
"EFKVJ","Velva Junior",17
"EFKVK","Velva Kurt",17
"EFKVL","Verner Laurie",70
"EFKVM","Vella Maximillia",33
"EFKVN","Vella Neil",56
"EFKVO","Vella Oleta",53
"EFKVP","Vita Paris",10
"EFKVQ","Vita Queenie",29
"EFKVR","Verner Ramona",22
"EFKVS","Verna Stefan",18
"EFKVT","Verner Torrey",79
"EFKVU","Verner Urban",67
"EFKVV","Vita Verner",73
"EFKVW","Verner Wilbert",53
"EFKVX","Vita Xander",66
"EFKVY","Verna Yesenia",34
"EFKVZ","Vita Zella",54
"EFKWA","Woodrow Ada",75
"EFKWB","Waylon Blanca",12
"EFKWC","Woodrow Colt",61
"EFKWD","Wilbert Dolly",10
"EFKWE","Woodrow Ernie",77
"EFKWF","Winona Freddie",63
"EFKWG","Wilma Gardner",15
"EFKWH","Winona Hermann",61
"EFKWI","Willie Imani",57
"EFKWJ","Wilma Janet",56
"EFKWK","Waldo Kaleb",31
"EFKWL","Willie Leonard",65
"EFKWM","Waylon Mae",68
"EFKWN","Wilma Nicolette",12
"MQGJW","Jaron Willard",61
"MQGJX","Jayde Xander",38
"MQGJY","Jermey Yasmine",19
"MQGJZ","Judson Zachary",69
"MQGKA","Kody Angela",30
"MQGKB","Kaitlyn Barry",23
"MQGKC","Kelton Cedrick",39
"MQGKD","Kelton Dannie",74
"MQGKE","King Edwardo",31
"MQGKF","Kendall Florida",29
"MQGKG","Krystal Garrick",65
"MQGKH","Kelton Hayden",34
"MQGKI","Kelton Itzel",66
"MQGKJ","Kendall Jennyfer",70
"MQGKK","Keshawn Kirsten",18
"MQGKL","Keven Lilly",59
"MQGKM","Krystal Mateo",68
"MQGKN","Keegan Nella",55
"MQGKO","Kari Ollie",15
"MQGKP","Kade Pinkie",72
"MQGKQ","Kaylie Quinn",13
"MQGKR","Kacey Ronny",69
"MQGKS","Korbin Shaylee",31
"MQGKT","Ken Tyler",46
"MQGKU","Kirsten Ulices",57
"MQGKV","Kari Viva",66
"MQGKW","Kacey Wendy",57
"MQGKX","Kay Xander",53
"MQGKY","Kirsten Yasmine",53
"MQGKZ","Ken Zora",66
"MQGLA","Lilly Aurelie",72
"MQGLB","Lacey Bethel",10
"MQGLC","Lisa Carlotta",49
"MQGLD","Lisa Darion",31
"MQGLE","Lauren Eliezer",53
"MQGLF","Loma Francisco",31
"MQGLG","Lemuel Garrick",62
"MQGLH","Laisha Hellen",30
"MQGLI","Laurianne Idella",12
"MQGLJ","Lemuel Jamarcus",36
"MQGLK","Lennie Kaylie",48
"MQGLL","Lon Libby",52
"MQGLM","Lennie Maegan",54
"MQGLN","Lemuel Neil",39
"MQGLO","Lydia Ollie",51
"MQGLP","Luna Peter",58
"MQGLQ","Letha Quinn",52
"MQGLR","Laisha Renee",49
"MQGLS","Lola Sonya",53
"MQGLT","Luna Tia",12
"QVREM","Elian Marisol",16
"QVREN","Eric Nikko",22
"QVREO","Eric Owen",33
"QVREP","Elvie Pete",44
"QVREQ","Elenora Quinn",69
"QVRER","Elvie Raheem",30
"QVRES","Evalyn Sylvia",13
"QVRET","Edythe Travis",20
"QVREU","Eino Unique",76
"QVREV","Edgardo Veda",19
"QVREW","Evans Wendy",10
"QVREX","Eric Xzavier",75
"QVREY","Eric Yolanda",43
"QVREZ","Eric Zechariah",47
"QVRFA","Favian Abigail",15
"QVRFB","Fredy Brandt",48
"QVRFC","Fredy Chaim",74
"QVRFD","Felipe Derick",77
"QVRFE","Favian Elian",79
"QVRFF","Flossie Fae",28
"QVRFG","Felix Grover",20
"QVRFH","Felipe Hailee",47
"QVRFI","Felipe Imani",67
"QVRFJ","Fredy Jany",55
"QVRFK","Francis Kieran",58
"QVRFL","Florencio Lemuel",68
"QVRFM","Francis Marjory",35
"QVRFN","Fredy Nathanael",49
"QVRFO","Florencio Orion",50
"QVRFP","Felix Pablo",25
"QVRFQ","Fae Quinn",29
"QVRFR","Francis Reinhold",45
"QVRFS","Felipe Sonya",69
"QVRFT","Favian Travis",39
"QVRFU","Fae Unique",52
"QVRFV","Francis Vallie",62
"QVRFW","Francis Willy",30
"QVRFX","Fredy Xzavier",51
"QVRFY","Francis Yesenia",61
"QVRFZ","Favian Zechariah",11
"QVRGA","Gail Alf",36
"QVRGB","Gunnar Brown",69
"QVRGC","Glen Carolina",42
"QVRGD","Gilda Demetrius",45
"QVRGE","Gunnar Evalyn",74
"QVRGF","Gia Felipe",66
"QVRGG","Glen Gerhard",72
"QVRGH","Greyson Harold",23
"QVRGI","Gail Irwin",68
"QVRGJ","Glen Jerrold",60